apt_name,total_taxiout_additional_minutes,delay_type,delay_minutes
Frankfurt,61017.15833,Disruption,6276
Frankfurt,61017.15833,Capacity,0
Frankfurt,61017.15833,Weather,4943
Frankfurt,61017.15833,Event,0
Frankfurt,61017.15833,Staffing,0
Frankfurt,63604.85,Disruption,1
Frankfurt,63604.85,Capacity,605
Frankfurt,63604.85,Weather,4835
Frankfurt,63604.85,Event,0
Frankfurt,63604.85,Staffing,0
Frankfurt,77712.785,Disruption,6219
Frankfurt,77712.785,Capacity,785
Frankfurt,77712.785,Weather,2100
Frankfurt,77712.785,Event,0
Frankfurt,77712.785,Staffing,0
Frankfurt,85898.03,Disruption,11
Frankfurt,85898.03,Capacity,309
Frankfurt,85898.03,Weather,18648
Frankfurt,85898.03,Event,0
Frankfurt,85898.03,Staffing,0
Frankfurt,92014.06167,Disruption,0
Frankfurt,92014.06167,Capacity,0
Frankfurt,92014.06167,Weather,62215
Frankfurt,92014.06167,Event,0
Frankfurt,92014.06167,Staffing,0
Frankfurt,91265.51833,Disruption,0
Frankfurt,91265.51833,Capacity,918
Frankfurt,91265.51833,Weather,45441
Frankfurt,91265.51833,Event,0
Frankfurt,91265.51833,Staffing,0
Frankfurt,80548.35333,Disruption,0
Frankfurt,80548.35333,Capacity,228
Frankfurt,80548.35333,Weather,20968
Frankfurt,80548.35333,Event,0
Frankfurt,80548.35333,Staffing,0
Frankfurt,100291.9967,Disruption,28
Frankfurt,100291.9967,Capacity,0
Frankfurt,100291.9967,Weather,18749
Frankfurt,100291.9967,Event,0
Frankfurt,100291.9967,Staffing,0
Frankfurt,103455.3833,Disruption,0
Frankfurt,103455.3833,Capacity,537
Frankfurt,103455.3833,Weather,4475
Frankfurt,103455.3833,Event,0
Frankfurt,103455.3833,Staffing,0
Frankfurt,96581.275,Disruption,0
Frankfurt,96581.275,Capacity,211
Frankfurt,96581.275,Weather,845
Frankfurt,96581.275,Event,5
Frankfurt,96581.275,Staffing,0
Frankfurt,79443.77167,Disruption,0
Frankfurt,79443.77167,Capacity,639
Frankfurt,79443.77167,Weather,8907
Frankfurt,79443.77167,Event,0
Frankfurt,79443.77167,Staffing,0
Frankfurt,74117.14833,Disruption,0
Frankfurt,74117.14833,Capacity,0
Frankfurt,74117.14833,Weather,13455
Frankfurt,74117.14833,Event,0
Frankfurt,74117.14833,Staffing,0
Frankfurt,62570.44833,Disruption,0
Frankfurt,62570.44833,Capacity,0
Frankfurt,62570.44833,Weather,7839
Frankfurt,62570.44833,Event,0
Frankfurt,62570.44833,Staffing,0
Frankfurt,64412.90167,Disruption,0
Frankfurt,64412.90167,Capacity,0
Frankfurt,64412.90167,Weather,1697
Frankfurt,64412.90167,Event,0
Frankfurt,64412.90167,Staffing,0
Frankfurt,82393.70333,Disruption,0
Frankfurt,82393.70333,Capacity,507
Frankfurt,82393.70333,Weather,10572
Frankfurt,82393.70333,Event,0
Frankfurt,82393.70333,Staffing,0
Frankfurt,82752.65,Disruption,0
Frankfurt,82752.65,Capacity,0
Frankfurt,82752.65,Weather,7485
Frankfurt,82752.65,Event,0
Frankfurt,82752.65,Staffing,0
Frankfurt,91541.15,Disruption,1983
Frankfurt,91541.15,Capacity,1251
Frankfurt,91541.15,Weather,27985
Frankfurt,91541.15,Event,0
Frankfurt,91541.15,Staffing,0
Frankfurt,86237.855,Disruption,0
Frankfurt,86237.855,Capacity,0
Frankfurt,86237.855,Weather,28052
Frankfurt,86237.855,Event,0
Frankfurt,86237.855,Staffing,0
Frankfurt,72755.67833,Disruption,2257
Frankfurt,72755.67833,Capacity,280
Frankfurt,72755.67833,Weather,21746
Frankfurt,72755.67833,Event,0
Frankfurt,72755.67833,Staffing,0
Frankfurt,71680.55833,Disruption,118
Frankfurt,71680.55833,Capacity,0
Frankfurt,71680.55833,Weather,28205
Frankfurt,71680.55833,Event,0
Frankfurt,71680.55833,Staffing,0
Frankfurt,95134.885,Disruption,1445
Frankfurt,95134.885,Capacity,356
Frankfurt,95134.885,Weather,3403
Frankfurt,95134.885,Event,0
Frankfurt,95134.885,Staffing,31
Frankfurt,97874.93333,Disruption,0
Frankfurt,97874.93333,Capacity,121
Frankfurt,97874.93333,Weather,12655
Frankfurt,97874.93333,Event,0
Frankfurt,97874.93333,Staffing,0
Frankfurt,74461.34167,Disruption,0
Frankfurt,74461.34167,Capacity,0
Frankfurt,74461.34167,Weather,10026
Frankfurt,74461.34167,Event,0
Frankfurt,74461.34167,Staffing,0
Frankfurt,66401.87833,Disruption,0
Frankfurt,66401.87833,Capacity,0
Frankfurt,66401.87833,Weather,8088
Frankfurt,66401.87833,Event,0
Frankfurt,66401.87833,Staffing,0
Frankfurt,53960.28,Disruption,0
Frankfurt,53960.28,Capacity,0
Frankfurt,53960.28,Weather,12541
Frankfurt,53960.28,Event,0
Frankfurt,53960.28,Staffing,0
Frankfurt,59429.935,Disruption,163
Frankfurt,59429.935,Capacity,0
Frankfurt,59429.935,Weather,4947
Frankfurt,59429.935,Event,0
Frankfurt,59429.935,Staffing,0
Frankfurt,24228.47,Disruption,989
Frankfurt,24228.47,Capacity,0
Frankfurt,24228.47,Weather,545
Frankfurt,24228.47,Event,0
Frankfurt,24228.47,Staffing,0
Frankfurt,5417.778333,Disruption,331
Frankfurt,5417.778333,Capacity,0
Frankfurt,5417.778333,Weather,0
Frankfurt,5417.778333,Event,0
Frankfurt,5417.778333,Staffing,0
Frankfurt,25347.08667,Disruption,0
Frankfurt,25347.08667,Capacity,0
Frankfurt,25347.08667,Weather,252
Frankfurt,25347.08667,Event,0
Frankfurt,25347.08667,Staffing,0
Frankfurt,22123.40667,Disruption,60
Frankfurt,22123.40667,Capacity,0
Frankfurt,22123.40667,Weather,0
Frankfurt,22123.40667,Event,0
Frankfurt,22123.40667,Staffing,0
Frankfurt,14951.45,Disruption,0
Frankfurt,14951.45,Capacity,0
Frankfurt,14951.45,Weather,0
Frankfurt,14951.45,Event,0
Frankfurt,14951.45,Staffing,0
Frankfurt,16392.49833,Disruption,0
Frankfurt,16392.49833,Capacity,0
Frankfurt,16392.49833,Weather,0
Frankfurt,16392.49833,Event,0
Frankfurt,16392.49833,Staffing,159
Frankfurt,33237.665,Disruption,0
Frankfurt,33237.665,Capacity,0
Frankfurt,33237.665,Weather,2479
Frankfurt,33237.665,Event,0
Frankfurt,33237.665,Staffing,0
Frankfurt,40732.47833,Disruption,100
Frankfurt,40732.47833,Capacity,0
Frankfurt,40732.47833,Weather,1982
Frankfurt,40732.47833,Event,0
Frankfurt,40732.47833,Staffing,0
Frankfurt,34824.11833,Disruption,2364
Frankfurt,34824.11833,Capacity,0
Frankfurt,34824.11833,Weather,2065
Frankfurt,34824.11833,Event,0
Frankfurt,34824.11833,Staffing,0
Frankfurt,40897.68667,Disruption,0
Frankfurt,40897.68667,Capacity,0
Frankfurt,40897.68667,Weather,7378
Frankfurt,40897.68667,Event,0
Frankfurt,40897.68667,Staffing,0
Frankfurt,41554.23333,Disruption,0
Frankfurt,41554.23333,Capacity,0
Frankfurt,41554.23333,Weather,3092
Frankfurt,41554.23333,Event,0
Frankfurt,41554.23333,Staffing,0
Frankfurt,36693.58,Disruption,3703
Frankfurt,36693.58,Capacity,0
Frankfurt,36693.58,Weather,1966
Frankfurt,36693.58,Event,0
Frankfurt,36693.58,Staffing,0
Frankfurt,31369.35667,Disruption,0
Frankfurt,31369.35667,Capacity,0
Frankfurt,31369.35667,Weather,2376
Frankfurt,31369.35667,Event,0
Frankfurt,31369.35667,Staffing,0
Frankfurt,33444.92833,Disruption,512
Frankfurt,33444.92833,Capacity,0
Frankfurt,33444.92833,Weather,0
Frankfurt,33444.92833,Event,0
Frankfurt,33444.92833,Staffing,0
Frankfurt,45930.17667,Disruption,0
Frankfurt,45930.17667,Capacity,0
Frankfurt,45930.17667,Weather,2668
Frankfurt,45930.17667,Event,0
Frankfurt,45930.17667,Staffing,0
Frankfurt,55360.82667,Disruption,0
Frankfurt,55360.82667,Capacity,0
Frankfurt,55360.82667,Weather,11960
Frankfurt,55360.82667,Event,0
Frankfurt,55360.82667,Staffing,0
Frankfurt,55332.09833,Disruption,0
Frankfurt,55332.09833,Capacity,417
Frankfurt,55332.09833,Weather,12398
Frankfurt,55332.09833,Event,0
Frankfurt,55332.09833,Staffing,0
Frankfurt,54295.43,Disruption,133
Frankfurt,54295.43,Capacity,0
Frankfurt,54295.43,Weather,1052
Frankfurt,54295.43,Event,0
Frankfurt,54295.43,Staffing,0
Frankfurt,51751.605,Disruption,0
Frankfurt,51751.605,Capacity,0
Frankfurt,51751.605,Weather,3569
Frankfurt,51751.605,Event,0
Frankfurt,51751.605,Staffing,494
Frankfurt,55217.065,Disruption,0
Frankfurt,55217.065,Capacity,0
Frankfurt,55217.065,Weather,8709
Frankfurt,55217.065,Event,0
Frankfurt,55217.065,Staffing,0
Frankfurt,53933.23833,Disruption,2986
Frankfurt,53933.23833,Capacity,205
Frankfurt,53933.23833,Weather,10307
Frankfurt,53933.23833,Event,0
Frankfurt,53933.23833,Staffing,0
Frankfurt,53425.86833,Disruption,0
Frankfurt,53425.86833,Capacity,0
Frankfurt,53425.86833,Weather,7511
Frankfurt,53425.86833,Event,0
Frankfurt,53425.86833,Staffing,0
Frankfurt,45436.42333,Disruption,0
Frankfurt,45436.42333,Capacity,5252
Frankfurt,45436.42333,Weather,2957
Frankfurt,45436.42333,Event,0
Frankfurt,45436.42333,Staffing,0
Frankfurt,47955.13667,Disruption,3883
Frankfurt,47955.13667,Capacity,0
Frankfurt,47955.13667,Weather,1164
Frankfurt,47955.13667,Event,0
Frankfurt,47955.13667,Staffing,0
Frankfurt,49729.055,Disruption,1475
Frankfurt,49729.055,Capacity,0
Frankfurt,49729.055,Weather,1444
Frankfurt,49729.055,Event,0
Frankfurt,49729.055,Staffing,0
Frankfurt,54525.36,Disruption,694
Frankfurt,54525.36,Capacity,0
Frankfurt,54525.36,Weather,7670
Frankfurt,54525.36,Event,0
Frankfurt,54525.36,Staffing,0
Frankfurt,60132.80333,Disruption,0
Frankfurt,60132.80333,Capacity,105
Frankfurt,60132.80333,Weather,4938
Frankfurt,60132.80333,Event,0
Frankfurt,60132.80333,Staffing,0
Frankfurt,66416.85833,Disruption,148
Frankfurt,66416.85833,Capacity,126531
Frankfurt,66416.85833,Weather,8747
Frankfurt,66416.85833,Event,0
Frankfurt,66416.85833,Staffing,0
Frankfurt,64786.2,Disruption,3089
Frankfurt,64786.2,Capacity,10564
Frankfurt,64786.2,Weather,13380
Frankfurt,64786.2,Event,0
Frankfurt,64786.2,Staffing,0
Frankfurt,70787.88833,Disruption,127
Frankfurt,70787.88833,Capacity,0
Frankfurt,70787.88833,Weather,23202
Frankfurt,70787.88833,Event,0
Frankfurt,70787.88833,Staffing,0
Frankfurt,63661.17,Disruption,0
Frankfurt,63661.17,Capacity,16
Frankfurt,63661.17,Weather,19605
Frankfurt,63661.17,Event,0
Frankfurt,63661.17,Staffing,0
Frankfurt,65668.48,Disruption,15
Frankfurt,65668.48,Capacity,0
Frankfurt,65668.48,Weather,12708
Frankfurt,65668.48,Event,0
Frankfurt,65668.48,Staffing,0
Frankfurt,72117.51833,Disruption,413
Frankfurt,72117.51833,Capacity,0
Frankfurt,72117.51833,Weather,18311
Frankfurt,72117.51833,Event,0
Frankfurt,72117.51833,Staffing,0
Frankfurt,66272.08333,Disruption,24
Frankfurt,66272.08333,Capacity,0
Frankfurt,66272.08333,Weather,9469
Frankfurt,66272.08333,Event,0
Frankfurt,66272.08333,Staffing,0
Frankfurt,62613.415,Disruption,0
Frankfurt,62613.415,Capacity,516
Frankfurt,62613.415,Weather,18190
Frankfurt,62613.415,Event,0
Frankfurt,62613.415,Staffing,0
Frankfurt,51229.70667,Disruption,0
Frankfurt,51229.70667,Capacity,0
Frankfurt,51229.70667,Weather,11390
Frankfurt,51229.70667,Event,0
Frankfurt,51229.70667,Staffing,0
Frankfurt,51217.33833,Disruption,102
Frankfurt,51217.33833,Capacity,0
Frankfurt,51217.33833,Weather,2479
Frankfurt,51217.33833,Event,0
Frankfurt,51217.33833,Staffing,0
Frankfurt,56611.555,Disruption,1940
Frankfurt,56611.555,Capacity,0
Frankfurt,56611.555,Weather,13607
Frankfurt,56611.555,Event,0
Frankfurt,56611.555,Staffing,0
Frankfurt,64889.02,Disruption,0
Frankfurt,64889.02,Capacity,0
Frankfurt,64889.02,Weather,8705
Frankfurt,64889.02,Event,0
Frankfurt,64889.02,Staffing,0
Frankfurt,70403.95667,Disruption,2293
Frankfurt,70403.95667,Capacity,258
Frankfurt,70403.95667,Weather,24563
Frankfurt,70403.95667,Event,0
Frankfurt,70403.95667,Staffing,0
Frankfurt,70994.58833,Disruption,1846
Frankfurt,70994.58833,Capacity,85
Frankfurt,70994.58833,Weather,16427
Frankfurt,70994.58833,Event,0
Frankfurt,70994.58833,Staffing,0
Frankfurt,69320.39167,Disruption,8418
Frankfurt,69320.39167,Capacity,135
Frankfurt,69320.39167,Weather,16329
Frankfurt,69320.39167,Event,0
Frankfurt,69320.39167,Staffing,0
Frankfurt,67337.285,Disruption,0
Frankfurt,67337.285,Capacity,8
Frankfurt,67337.285,Weather,6908
Frankfurt,67337.285,Event,0
Frankfurt,67337.285,Staffing,0
Frankfurt,70536.475,Disruption,1566
Frankfurt,70536.475,Capacity,2928
Frankfurt,70536.475,Weather,21148
Frankfurt,70536.475,Event,0
Frankfurt,70536.475,Staffing,0
Frankfurt,71767.13833,Disruption,3677
Frankfurt,71767.13833,Capacity,0
Frankfurt,71767.13833,Weather,28210
Frankfurt,71767.13833,Event,0
Frankfurt,71767.13833,Staffing,0
Frankfurt,62866.74,Disruption,21
Frankfurt,62866.74,Capacity,33129
Frankfurt,62866.74,Weather,17377
Frankfurt,62866.74,Event,0
Frankfurt,62866.74,Staffing,0
Frankfurt,58945.1,Disruption,8626
Frankfurt,58945.1,Capacity,0
Frankfurt,58945.1,Weather,21239
Frankfurt,58945.1,Event,0
Frankfurt,58945.1,Staffing,0
Cologne-Bonn,12749.83167,Disruption,0
Cologne-Bonn,12749.83167,Capacity,1198
Cologne-Bonn,12749.83167,Weather,104
Cologne-Bonn,12749.83167,Event,0
Cologne-Bonn,12749.83167,Staffing,0
Cologne-Bonn,12046.52667,Disruption,0
Cologne-Bonn,12046.52667,Capacity,0
Cologne-Bonn,12046.52667,Weather,12
Cologne-Bonn,12046.52667,Event,0
Cologne-Bonn,12046.52667,Staffing,0
Cologne-Bonn,14414.245,Disruption,0
Cologne-Bonn,14414.245,Capacity,188
Cologne-Bonn,14414.245,Weather,0
Cologne-Bonn,14414.245,Event,0
Cologne-Bonn,14414.245,Staffing,0
Cologne-Bonn,12928.26,Disruption,157
Cologne-Bonn,12928.26,Capacity,611
Cologne-Bonn,12928.26,Weather,500
Cologne-Bonn,12928.26,Event,0
Cologne-Bonn,12928.26,Staffing,0
Cologne-Bonn,16199.87,Disruption,0
Cologne-Bonn,16199.87,Capacity,1701
Cologne-Bonn,16199.87,Weather,625
Cologne-Bonn,16199.87,Event,0
Cologne-Bonn,16199.87,Staffing,0
Cologne-Bonn,14067.02167,Disruption,0
Cologne-Bonn,14067.02167,Capacity,3321
Cologne-Bonn,14067.02167,Weather,516
Cologne-Bonn,14067.02167,Event,0
Cologne-Bonn,14067.02167,Staffing,0
Cologne-Bonn,14504.105,Disruption,0
Cologne-Bonn,14504.105,Capacity,6669
Cologne-Bonn,14504.105,Weather,0
Cologne-Bonn,14504.105,Event,0
Cologne-Bonn,14504.105,Staffing,0
Cologne-Bonn,15520.215,Disruption,0
Cologne-Bonn,15520.215,Capacity,4552
Cologne-Bonn,15520.215,Weather,405
Cologne-Bonn,15520.215,Event,0
Cologne-Bonn,15520.215,Staffing,0
Cologne-Bonn,17406.73667,Disruption,0
Cologne-Bonn,17406.73667,Capacity,4282
Cologne-Bonn,17406.73667,Weather,174
Cologne-Bonn,17406.73667,Event,0
Cologne-Bonn,17406.73667,Staffing,0
Cologne-Bonn,20062.83167,Disruption,0
Cologne-Bonn,20062.83167,Capacity,6394
Cologne-Bonn,20062.83167,Weather,262
Cologne-Bonn,20062.83167,Event,0
Cologne-Bonn,20062.83167,Staffing,0
Cologne-Bonn,12359.195,Disruption,0
Cologne-Bonn,12359.195,Capacity,502
Cologne-Bonn,12359.195,Weather,0
Cologne-Bonn,12359.195,Event,0
Cologne-Bonn,12359.195,Staffing,0
Cologne-Bonn,13372.63167,Disruption,0
Cologne-Bonn,13372.63167,Capacity,640
Cologne-Bonn,13372.63167,Weather,589
Cologne-Bonn,13372.63167,Event,0
Cologne-Bonn,13372.63167,Staffing,0
Cologne-Bonn,11871.00167,Disruption,126
Cologne-Bonn,11871.00167,Capacity,67
Cologne-Bonn,11871.00167,Weather,3151
Cologne-Bonn,11871.00167,Event,0
Cologne-Bonn,11871.00167,Staffing,0
Cologne-Bonn,12683.87667,Disruption,0
Cologne-Bonn,12683.87667,Capacity,0
Cologne-Bonn,12683.87667,Weather,85
Cologne-Bonn,12683.87667,Event,0
Cologne-Bonn,12683.87667,Staffing,0
Cologne-Bonn,12526.35,Disruption,0
Cologne-Bonn,12526.35,Capacity,319
Cologne-Bonn,12526.35,Weather,0
Cologne-Bonn,12526.35,Event,0
Cologne-Bonn,12526.35,Staffing,0
Cologne-Bonn,17571.70333,Disruption,0
Cologne-Bonn,17571.70333,Capacity,882
Cologne-Bonn,17571.70333,Weather,387
Cologne-Bonn,17571.70333,Event,0
Cologne-Bonn,17571.70333,Staffing,0
Cologne-Bonn,16710.82667,Disruption,0
Cologne-Bonn,16710.82667,Capacity,2247
Cologne-Bonn,16710.82667,Weather,2029
Cologne-Bonn,16710.82667,Event,0
Cologne-Bonn,16710.82667,Staffing,0
Cologne-Bonn,19475.96167,Disruption,0
Cologne-Bonn,19475.96167,Capacity,3302
Cologne-Bonn,19475.96167,Weather,323
Cologne-Bonn,19475.96167,Event,0
Cologne-Bonn,19475.96167,Staffing,0
Cologne-Bonn,20481.35167,Disruption,0
Cologne-Bonn,20481.35167,Capacity,2783
Cologne-Bonn,20481.35167,Weather,442
Cologne-Bonn,20481.35167,Event,0
Cologne-Bonn,20481.35167,Staffing,0
Cologne-Bonn,20079.64833,Disruption,0
Cologne-Bonn,20079.64833,Capacity,2333
Cologne-Bonn,20079.64833,Weather,0
Cologne-Bonn,20079.64833,Event,0
Cologne-Bonn,20079.64833,Staffing,0
Cologne-Bonn,20617.52,Disruption,0
Cologne-Bonn,20617.52,Capacity,3144
Cologne-Bonn,20617.52,Weather,0
Cologne-Bonn,20617.52,Event,0
Cologne-Bonn,20617.52,Staffing,0
Cologne-Bonn,12869.93167,Disruption,46
Cologne-Bonn,12869.93167,Capacity,0
Cologne-Bonn,12869.93167,Weather,127
Cologne-Bonn,12869.93167,Event,0
Cologne-Bonn,12869.93167,Staffing,0
Cologne-Bonn,12022.91,Disruption,0
Cologne-Bonn,12022.91,Capacity,150
Cologne-Bonn,12022.91,Weather,0
Cologne-Bonn,12022.91,Event,0
Cologne-Bonn,12022.91,Staffing,0
Cologne-Bonn,10915.26833,Disruption,0
Cologne-Bonn,10915.26833,Capacity,0
Cologne-Bonn,10915.26833,Weather,94
Cologne-Bonn,10915.26833,Event,0
Cologne-Bonn,10915.26833,Staffing,0
Cologne-Bonn,10707.62167,Disruption,0
Cologne-Bonn,10707.62167,Capacity,0
Cologne-Bonn,10707.62167,Weather,89
Cologne-Bonn,10707.62167,Event,0
Cologne-Bonn,10707.62167,Staffing,0
Cologne-Bonn,7949.628333,Disruption,0
Cologne-Bonn,7949.628333,Capacity,49
Cologne-Bonn,7949.628333,Weather,0
Cologne-Bonn,7949.628333,Event,0
Cologne-Bonn,7949.628333,Staffing,0
Cologne-Bonn,8661.788333,Disruption,85
Cologne-Bonn,8661.788333,Capacity,0
Cologne-Bonn,8661.788333,Weather,0
Cologne-Bonn,8661.788333,Event,0
Cologne-Bonn,8661.788333,Staffing,0
Cologne-Bonn,8314.773333,Disruption,0
Cologne-Bonn,8314.773333,Capacity,67
Cologne-Bonn,8314.773333,Weather,84
Cologne-Bonn,8314.773333,Event,0
Cologne-Bonn,8314.773333,Staffing,0
Cologne-Bonn,7864.305,Disruption,0
Cologne-Bonn,7864.305,Capacity,70
Cologne-Bonn,7864.305,Weather,0
Cologne-Bonn,7864.305,Event,0
Cologne-Bonn,7864.305,Staffing,0
Cologne-Bonn,6682.093333,Disruption,0
Cologne-Bonn,6682.093333,Capacity,52
Cologne-Bonn,6682.093333,Weather,0
Cologne-Bonn,6682.093333,Event,0
Cologne-Bonn,6682.093333,Staffing,0
Cologne-Bonn,7822.788333,Disruption,0
Cologne-Bonn,7822.788333,Capacity,729
Cologne-Bonn,7822.788333,Weather,0
Cologne-Bonn,7822.788333,Event,0
Cologne-Bonn,7822.788333,Staffing,0
Cologne-Bonn,5614.631667,Disruption,0
Cologne-Bonn,5614.631667,Capacity,385
Cologne-Bonn,5614.631667,Weather,0
Cologne-Bonn,5614.631667,Event,0
Cologne-Bonn,5614.631667,Staffing,0
Cologne-Bonn,6152.396667,Disruption,0
Cologne-Bonn,6152.396667,Capacity,578
Cologne-Bonn,6152.396667,Weather,0
Cologne-Bonn,6152.396667,Event,0
Cologne-Bonn,6152.396667,Staffing,0
Cologne-Bonn,5912.14,Disruption,0
Cologne-Bonn,5912.14,Capacity,508
Cologne-Bonn,5912.14,Weather,0
Cologne-Bonn,5912.14,Event,0
Cologne-Bonn,5912.14,Staffing,0
Cologne-Bonn,7040.358333,Disruption,0
Cologne-Bonn,7040.358333,Capacity,385
Cologne-Bonn,7040.358333,Weather,322
Cologne-Bonn,7040.358333,Event,0
Cologne-Bonn,7040.358333,Staffing,0
Cologne-Bonn,8456.608333,Disruption,0
Cologne-Bonn,8456.608333,Capacity,1791
Cologne-Bonn,8456.608333,Weather,129
Cologne-Bonn,8456.608333,Event,0
Cologne-Bonn,8456.608333,Staffing,0
Cologne-Bonn,12678.83,Disruption,0
Cologne-Bonn,12678.83,Capacity,6081
Cologne-Bonn,12678.83,Weather,0
Cologne-Bonn,12678.83,Event,0
Cologne-Bonn,12678.83,Staffing,0
Cologne-Bonn,13762.685,Disruption,2782
Cologne-Bonn,13762.685,Capacity,4152
Cologne-Bonn,13762.685,Weather,0
Cologne-Bonn,13762.685,Event,0
Cologne-Bonn,13762.685,Staffing,0
Cologne-Bonn,11973.305,Disruption,29
Cologne-Bonn,11973.305,Capacity,5131
Cologne-Bonn,11973.305,Weather,0
Cologne-Bonn,11973.305,Event,0
Cologne-Bonn,11973.305,Staffing,0
Cologne-Bonn,12801.21833,Disruption,384
Cologne-Bonn,12801.21833,Capacity,5219
Cologne-Bonn,12801.21833,Weather,786
Cologne-Bonn,12801.21833,Event,0
Cologne-Bonn,12801.21833,Staffing,0
Cologne-Bonn,10015.53167,Disruption,0
Cologne-Bonn,10015.53167,Capacity,1764
Cologne-Bonn,10015.53167,Weather,1783
Cologne-Bonn,10015.53167,Event,0
Cologne-Bonn,10015.53167,Staffing,0
Cologne-Bonn,11689.43333,Disruption,0
Cologne-Bonn,11689.43333,Capacity,3983
Cologne-Bonn,11689.43333,Weather,0
Cologne-Bonn,11689.43333,Event,0
Cologne-Bonn,11689.43333,Staffing,0
Cologne-Bonn,8341.346667,Disruption,0
Cologne-Bonn,8341.346667,Capacity,1176
Cologne-Bonn,8341.346667,Weather,1093
Cologne-Bonn,8341.346667,Event,0
Cologne-Bonn,8341.346667,Staffing,0
Cologne-Bonn,8705.458333,Disruption,0
Cologne-Bonn,8705.458333,Capacity,1256
Cologne-Bonn,8705.458333,Weather,1436
Cologne-Bonn,8705.458333,Event,0
Cologne-Bonn,8705.458333,Staffing,0
Cologne-Bonn,9518.975,Disruption,0
Cologne-Bonn,9518.975,Capacity,1852
Cologne-Bonn,9518.975,Weather,0
Cologne-Bonn,9518.975,Event,0
Cologne-Bonn,9518.975,Staffing,0
Cologne-Bonn,11411.43667,Disruption,0
Cologne-Bonn,11411.43667,Capacity,4007
Cologne-Bonn,11411.43667,Weather,1409
Cologne-Bonn,11411.43667,Event,0
Cologne-Bonn,11411.43667,Staffing,0
Cologne-Bonn,13110.14833,Disruption,2393
Cologne-Bonn,13110.14833,Capacity,7208
Cologne-Bonn,13110.14833,Weather,0
Cologne-Bonn,13110.14833,Event,0
Cologne-Bonn,13110.14833,Staffing,0
Cologne-Bonn,15437.94667,Disruption,0
Cologne-Bonn,15437.94667,Capacity,8062
Cologne-Bonn,15437.94667,Weather,0
Cologne-Bonn,15437.94667,Event,0
Cologne-Bonn,15437.94667,Staffing,0
Cologne-Bonn,15484.90667,Disruption,0
Cologne-Bonn,15484.90667,Capacity,8567
Cologne-Bonn,15484.90667,Weather,318
Cologne-Bonn,15484.90667,Event,0
Cologne-Bonn,15484.90667,Staffing,0
Cologne-Bonn,16098.06,Disruption,0
Cologne-Bonn,16098.06,Capacity,9203
Cologne-Bonn,16098.06,Weather,2574
Cologne-Bonn,16098.06,Event,0
Cologne-Bonn,16098.06,Staffing,0
Cologne-Bonn,15752.12333,Disruption,0
Cologne-Bonn,15752.12333,Capacity,7879
Cologne-Bonn,15752.12333,Weather,3251
Cologne-Bonn,15752.12333,Event,0
Cologne-Bonn,15752.12333,Staffing,0
Cologne-Bonn,13554.85,Disruption,0
Cologne-Bonn,13554.85,Capacity,7375
Cologne-Bonn,13554.85,Weather,430
Cologne-Bonn,13554.85,Event,0
Cologne-Bonn,13554.85,Staffing,0
Cologne-Bonn,9077.616667,Disruption,0
Cologne-Bonn,9077.616667,Capacity,3416
Cologne-Bonn,9077.616667,Weather,0
Cologne-Bonn,9077.616667,Event,0
Cologne-Bonn,9077.616667,Staffing,0
Cologne-Bonn,9782.898333,Disruption,0
Cologne-Bonn,9782.898333,Capacity,3054
Cologne-Bonn,9782.898333,Weather,2248
Cologne-Bonn,9782.898333,Event,0
Cologne-Bonn,9782.898333,Staffing,0
Cologne-Bonn,8794.261667,Disruption,0
Cologne-Bonn,8794.261667,Capacity,1508
Cologne-Bonn,8794.261667,Weather,1391
Cologne-Bonn,8794.261667,Event,0
Cologne-Bonn,8794.261667,Staffing,0
Cologne-Bonn,7735.365,Disruption,0
Cologne-Bonn,7735.365,Capacity,991
Cologne-Bonn,7735.365,Weather,1584
Cologne-Bonn,7735.365,Event,0
Cologne-Bonn,7735.365,Staffing,0
Cologne-Bonn,10351.48,Disruption,0
Cologne-Bonn,10351.48,Capacity,1839
Cologne-Bonn,10351.48,Weather,1977
Cologne-Bonn,10351.48,Event,0
Cologne-Bonn,10351.48,Staffing,0
Cologne-Bonn,12200.985,Disruption,0
Cologne-Bonn,12200.985,Capacity,3045
Cologne-Bonn,12200.985,Weather,0
Cologne-Bonn,12200.985,Event,0
Cologne-Bonn,12200.985,Staffing,0
Cologne-Bonn,13730.63667,Disruption,583
Cologne-Bonn,13730.63667,Capacity,5012
Cologne-Bonn,13730.63667,Weather,0
Cologne-Bonn,13730.63667,Event,0
Cologne-Bonn,13730.63667,Staffing,0
Cologne-Bonn,13990.92667,Disruption,0
Cologne-Bonn,13990.92667,Capacity,6247
Cologne-Bonn,13990.92667,Weather,1832
Cologne-Bonn,13990.92667,Event,0
Cologne-Bonn,13990.92667,Staffing,0
Cologne-Bonn,15008.70667,Disruption,0
Cologne-Bonn,15008.70667,Capacity,7135
Cologne-Bonn,15008.70667,Weather,397
Cologne-Bonn,15008.70667,Event,0
Cologne-Bonn,15008.70667,Staffing,0
Cologne-Bonn,15853.255,Disruption,0
Cologne-Bonn,15853.255,Capacity,7870
Cologne-Bonn,15853.255,Weather,0
Cologne-Bonn,15853.255,Event,0
Cologne-Bonn,15853.255,Staffing,178
Cologne-Bonn,14454.405,Disruption,0
Cologne-Bonn,14454.405,Capacity,6950
Cologne-Bonn,14454.405,Weather,1603
Cologne-Bonn,14454.405,Event,0
Cologne-Bonn,14454.405,Staffing,0
Cologne-Bonn,14816.09167,Disruption,0
Cologne-Bonn,14816.09167,Capacity,6700
Cologne-Bonn,14816.09167,Weather,0
Cologne-Bonn,14816.09167,Event,0
Cologne-Bonn,14816.09167,Staffing,0
Cologne-Bonn,10551.87167,Disruption,0
Cologne-Bonn,10551.87167,Capacity,976
Cologne-Bonn,10551.87167,Weather,1965
Cologne-Bonn,10551.87167,Event,0
Cologne-Bonn,10551.87167,Staffing,0
Cologne-Bonn,9775.89,Disruption,0
Cologne-Bonn,9775.89,Capacity,451
Cologne-Bonn,9775.89,Weather,1005
Cologne-Bonn,9775.89,Event,0
Cologne-Bonn,9775.89,Staffing,0
Cologne-Bonn,9484.11,Disruption,17
Cologne-Bonn,9484.11,Capacity,497
Cologne-Bonn,9484.11,Weather,952
Cologne-Bonn,9484.11,Event,0
Cologne-Bonn,9484.11,Staffing,0
Cologne-Bonn,8499.686667,Disruption,0
Cologne-Bonn,8499.686667,Capacity,692
Cologne-Bonn,8499.686667,Weather,0
Cologne-Bonn,8499.686667,Event,0
Cologne-Bonn,8499.686667,Staffing,0
Cologne-Bonn,9277.518333,Disruption,40
Cologne-Bonn,9277.518333,Capacity,881
Cologne-Bonn,9277.518333,Weather,342
Cologne-Bonn,9277.518333,Event,0
Cologne-Bonn,9277.518333,Staffing,0
Cologne-Bonn,12149.435,Disruption,0
Cologne-Bonn,12149.435,Capacity,500
Cologne-Bonn,12149.435,Weather,0
Cologne-Bonn,12149.435,Event,0
Cologne-Bonn,12149.435,Staffing,0
Cologne-Bonn,15229.855,Disruption,0
Cologne-Bonn,15229.855,Capacity,1478
Cologne-Bonn,15229.855,Weather,1918
Cologne-Bonn,15229.855,Event,0
Cologne-Bonn,15229.855,Staffing,0
Cologne-Bonn,13596.61167,Disruption,0
Cologne-Bonn,13596.61167,Capacity,1764
Cologne-Bonn,13596.61167,Weather,1070
Cologne-Bonn,13596.61167,Event,0
Cologne-Bonn,13596.61167,Staffing,0
Cologne-Bonn,14183.49,Disruption,0
Cologne-Bonn,14183.49,Capacity,3752
Cologne-Bonn,14183.49,Weather,1372
Cologne-Bonn,14183.49,Event,0
Cologne-Bonn,14183.49,Staffing,0
Cologne-Bonn,14229.89333,Disruption,9
Cologne-Bonn,14229.89333,Capacity,3904
Cologne-Bonn,14229.89333,Weather,336
Cologne-Bonn,14229.89333,Event,0
Cologne-Bonn,14229.89333,Staffing,0
Cologne-Bonn,11746.38333,Disruption,1686
Cologne-Bonn,11746.38333,Capacity,3533
Cologne-Bonn,11746.38333,Weather,535
Cologne-Bonn,11746.38333,Event,0
Cologne-Bonn,11746.38333,Staffing,0
Cologne-Bonn,13307.63667,Disruption,0
Cologne-Bonn,13307.63667,Capacity,3218
Cologne-Bonn,13307.63667,Weather,0
Cologne-Bonn,13307.63667,Event,0
Cologne-Bonn,13307.63667,Staffing,0
Cologne-Bonn,8619.226667,Disruption,0
Cologne-Bonn,8619.226667,Capacity,93
Cologne-Bonn,8619.226667,Weather,1607
Cologne-Bonn,8619.226667,Event,0
Cologne-Bonn,8619.226667,Staffing,0
Cologne-Bonn,8274.023333,Disruption,0
Cologne-Bonn,8274.023333,Capacity,356
Cologne-Bonn,8274.023333,Weather,236
Cologne-Bonn,8274.023333,Event,0
Cologne-Bonn,8274.023333,Staffing,0
Dusseldorf,20990.575,Disruption,0
Dusseldorf,20990.575,Capacity,61
Dusseldorf,20990.575,Weather,734
Dusseldorf,20990.575,Event,0
Dusseldorf,20990.575,Staffing,0
Dusseldorf,17049.27333,Disruption,0
Dusseldorf,17049.27333,Capacity,331
Dusseldorf,17049.27333,Weather,101
Dusseldorf,17049.27333,Event,0
Dusseldorf,17049.27333,Staffing,0
Dusseldorf,21718.28333,Disruption,0
Dusseldorf,21718.28333,Capacity,126
Dusseldorf,21718.28333,Weather,277
Dusseldorf,21718.28333,Event,0
Dusseldorf,21718.28333,Staffing,0
Dusseldorf,23313.57333,Disruption,0
Dusseldorf,23313.57333,Capacity,0
Dusseldorf,23313.57333,Weather,693
Dusseldorf,23313.57333,Event,0
Dusseldorf,23313.57333,Staffing,0
Dusseldorf,27265.03667,Disruption,0
Dusseldorf,27265.03667,Capacity,1153
Dusseldorf,27265.03667,Weather,5152
Dusseldorf,27265.03667,Event,0
Dusseldorf,27265.03667,Staffing,0
Dusseldorf,30405.78833,Disruption,504
Dusseldorf,30405.78833,Capacity,5946
Dusseldorf,30405.78833,Weather,1613
Dusseldorf,30405.78833,Event,0
Dusseldorf,30405.78833,Staffing,0
Dusseldorf,30562.99,Disruption,97
Dusseldorf,30562.99,Capacity,5321
Dusseldorf,30562.99,Weather,214
Dusseldorf,30562.99,Event,0
Dusseldorf,30562.99,Staffing,0
Dusseldorf,31489.14167,Disruption,0
Dusseldorf,31489.14167,Capacity,3198
Dusseldorf,31489.14167,Weather,999
Dusseldorf,31489.14167,Event,0
Dusseldorf,31489.14167,Staffing,0
Dusseldorf,34215.41,Disruption,0
Dusseldorf,34215.41,Capacity,11269
Dusseldorf,34215.41,Weather,1016
Dusseldorf,34215.41,Event,0
Dusseldorf,34215.41,Staffing,0
Dusseldorf,36373.14333,Disruption,0
Dusseldorf,36373.14333,Capacity,5665
Dusseldorf,36373.14333,Weather,931
Dusseldorf,36373.14333,Event,0
Dusseldorf,36373.14333,Staffing,0
Dusseldorf,26705.38667,Disruption,0
Dusseldorf,26705.38667,Capacity,1552
Dusseldorf,26705.38667,Weather,976
Dusseldorf,26705.38667,Event,0
Dusseldorf,26705.38667,Staffing,0
Dusseldorf,23333.19,Disruption,0
Dusseldorf,23333.19,Capacity,503
Dusseldorf,23333.19,Weather,478
Dusseldorf,23333.19,Event,0
Dusseldorf,23333.19,Staffing,0
Dusseldorf,22045.97167,Disruption,535
Dusseldorf,22045.97167,Capacity,423
Dusseldorf,22045.97167,Weather,1259
Dusseldorf,22045.97167,Event,0
Dusseldorf,22045.97167,Staffing,0
Dusseldorf,21226.07667,Disruption,90
Dusseldorf,21226.07667,Capacity,887
Dusseldorf,21226.07667,Weather,0
Dusseldorf,21226.07667,Event,0
Dusseldorf,21226.07667,Staffing,0
Dusseldorf,26486.90667,Disruption,135
Dusseldorf,26486.90667,Capacity,1822
Dusseldorf,26486.90667,Weather,367
Dusseldorf,26486.90667,Event,0
Dusseldorf,26486.90667,Staffing,0
Dusseldorf,26480.94167,Disruption,0
Dusseldorf,26480.94167,Capacity,542
Dusseldorf,26480.94167,Weather,1574
Dusseldorf,26480.94167,Event,0
Dusseldorf,26480.94167,Staffing,0
Dusseldorf,35934.875,Disruption,177
Dusseldorf,35934.875,Capacity,3337
Dusseldorf,35934.875,Weather,1534
Dusseldorf,35934.875,Event,0
Dusseldorf,35934.875,Staffing,0
Dusseldorf,32824.72,Disruption,0
Dusseldorf,32824.72,Capacity,11101
Dusseldorf,32824.72,Weather,1773
Dusseldorf,32824.72,Event,0
Dusseldorf,32824.72,Staffing,0
Dusseldorf,34750.54,Disruption,0
Dusseldorf,34750.54,Capacity,7484
Dusseldorf,34750.54,Weather,2036
Dusseldorf,34750.54,Event,0
Dusseldorf,34750.54,Staffing,0
Dusseldorf,36815.59167,Disruption,96
Dusseldorf,36815.59167,Capacity,5707
Dusseldorf,36815.59167,Weather,1306
Dusseldorf,36815.59167,Event,0
Dusseldorf,36815.59167,Staffing,0
Dusseldorf,37688.02,Disruption,0
Dusseldorf,37688.02,Capacity,14174
Dusseldorf,37688.02,Weather,886
Dusseldorf,37688.02,Event,0
Dusseldorf,37688.02,Staffing,0
Dusseldorf,41990.76,Disruption,0
Dusseldorf,41990.76,Capacity,16625
Dusseldorf,41990.76,Weather,803
Dusseldorf,41990.76,Event,0
Dusseldorf,41990.76,Staffing,0
Dusseldorf,19326.92833,Disruption,0
Dusseldorf,19326.92833,Capacity,1645
Dusseldorf,19326.92833,Weather,0
Dusseldorf,19326.92833,Event,0
Dusseldorf,19326.92833,Staffing,0
Dusseldorf,18028.29667,Disruption,0
Dusseldorf,18028.29667,Capacity,0
Dusseldorf,18028.29667,Weather,900
Dusseldorf,18028.29667,Event,0
Dusseldorf,18028.29667,Staffing,0
Dusseldorf,18497.87667,Disruption,390
Dusseldorf,18497.87667,Capacity,273
Dusseldorf,18497.87667,Weather,6675
Dusseldorf,18497.87667,Event,0
Dusseldorf,18497.87667,Staffing,0
Dusseldorf,18767.485,Disruption,345
Dusseldorf,18767.485,Capacity,746
Dusseldorf,18767.485,Weather,1760
Dusseldorf,18767.485,Event,0
Dusseldorf,18767.485,Staffing,0
Dusseldorf,10216.67,Disruption,0
Dusseldorf,10216.67,Capacity,246
Dusseldorf,10216.67,Weather,0
Dusseldorf,10216.67,Event,0
Dusseldorf,10216.67,Staffing,0
Dusseldorf,12623.73333,Disruption,0
Dusseldorf,12623.73333,Capacity,11
Dusseldorf,12623.73333,Weather,0
Dusseldorf,12623.73333,Event,0
Dusseldorf,12623.73333,Staffing,166
Dusseldorf,13311.23333,Disruption,0
Dusseldorf,13311.23333,Capacity,0
Dusseldorf,13311.23333,Weather,260
Dusseldorf,13311.23333,Event,0
Dusseldorf,13311.23333,Staffing,0
Dusseldorf,15027.04333,Disruption,0
Dusseldorf,15027.04333,Capacity,153
Dusseldorf,15027.04333,Weather,224
Dusseldorf,15027.04333,Event,0
Dusseldorf,15027.04333,Staffing,0
Dusseldorf,10974.895,Disruption,0
Dusseldorf,10974.895,Capacity,0
Dusseldorf,10974.895,Weather,269
Dusseldorf,10974.895,Event,0
Dusseldorf,10974.895,Staffing,0
Dusseldorf,8838.763333,Disruption,8
Dusseldorf,8838.763333,Capacity,0
Dusseldorf,8838.763333,Weather,0
Dusseldorf,8838.763333,Event,0
Dusseldorf,8838.763333,Staffing,0
Dusseldorf,6791.788333,Disruption,0
Dusseldorf,6791.788333,Capacity,0
Dusseldorf,6791.788333,Weather,90
Dusseldorf,6791.788333,Event,0
Dusseldorf,6791.788333,Staffing,0
Dusseldorf,9564.733333,Disruption,0
Dusseldorf,9564.733333,Capacity,493
Dusseldorf,9564.733333,Weather,0
Dusseldorf,9564.733333,Event,0
Dusseldorf,9564.733333,Staffing,0
Dusseldorf,14227.83667,Disruption,616
Dusseldorf,14227.83667,Capacity,1393
Dusseldorf,14227.83667,Weather,495
Dusseldorf,14227.83667,Event,0
Dusseldorf,14227.83667,Staffing,240
Dusseldorf,17603.12333,Disruption,0
Dusseldorf,17603.12333,Capacity,1782
Dusseldorf,17603.12333,Weather,137
Dusseldorf,17603.12333,Event,0
Dusseldorf,17603.12333,Staffing,0
Dusseldorf,18668.31167,Disruption,0
Dusseldorf,18668.31167,Capacity,351
Dusseldorf,18668.31167,Weather,0
Dusseldorf,18668.31167,Event,0
Dusseldorf,18668.31167,Staffing,0
Dusseldorf,16706.175,Disruption,0
Dusseldorf,16706.175,Capacity,150
Dusseldorf,16706.175,Weather,0
Dusseldorf,16706.175,Event,0
Dusseldorf,16706.175,Staffing,0
Dusseldorf,17902.27667,Disruption,0
Dusseldorf,17902.27667,Capacity,672
Dusseldorf,17902.27667,Weather,497
Dusseldorf,17902.27667,Event,0
Dusseldorf,17902.27667,Staffing,0
Dusseldorf,19255.10333,Disruption,0
Dusseldorf,19255.10333,Capacity,47
Dusseldorf,19255.10333,Weather,498
Dusseldorf,19255.10333,Event,0
Dusseldorf,19255.10333,Staffing,0
Dusseldorf,18042.925,Disruption,0
Dusseldorf,18042.925,Capacity,196
Dusseldorf,18042.925,Weather,0
Dusseldorf,18042.925,Event,0
Dusseldorf,18042.925,Staffing,0
Dusseldorf,12619.76333,Disruption,0
Dusseldorf,12619.76333,Capacity,125
Dusseldorf,12619.76333,Weather,0
Dusseldorf,12619.76333,Event,0
Dusseldorf,12619.76333,Staffing,0
Dusseldorf,9744.16,Disruption,0
Dusseldorf,9744.16,Capacity,0
Dusseldorf,9744.16,Weather,579
Dusseldorf,9744.16,Event,0
Dusseldorf,9744.16,Staffing,0
Dusseldorf,9043.25,Disruption,112
Dusseldorf,9043.25,Capacity,0
Dusseldorf,9043.25,Weather,85
Dusseldorf,9043.25,Event,0
Dusseldorf,9043.25,Staffing,0
Dusseldorf,10880.24,Disruption,49
Dusseldorf,10880.24,Capacity,199
Dusseldorf,10880.24,Weather,473
Dusseldorf,10880.24,Event,0
Dusseldorf,10880.24,Staffing,0
Dusseldorf,13816.25167,Disruption,120
Dusseldorf,13816.25167,Capacity,0
Dusseldorf,13816.25167,Weather,227
Dusseldorf,13816.25167,Event,0
Dusseldorf,13816.25167,Staffing,0
Dusseldorf,18361.915,Disruption,317
Dusseldorf,18361.915,Capacity,0
Dusseldorf,18361.915,Weather,44
Dusseldorf,18361.915,Event,0
Dusseldorf,18361.915,Staffing,0
Dusseldorf,20304.75167,Disruption,0
Dusseldorf,20304.75167,Capacity,1631
Dusseldorf,20304.75167,Weather,210
Dusseldorf,20304.75167,Event,0
Dusseldorf,20304.75167,Staffing,0
Dusseldorf,21589.005,Disruption,57
Dusseldorf,21589.005,Capacity,111
Dusseldorf,21589.005,Weather,1353
Dusseldorf,21589.005,Event,0
Dusseldorf,21589.005,Staffing,0
Dusseldorf,20435.15333,Disruption,0
Dusseldorf,20435.15333,Capacity,421
Dusseldorf,20435.15333,Weather,0
Dusseldorf,20435.15333,Event,0
Dusseldorf,20435.15333,Staffing,0
Dusseldorf,21381.93167,Disruption,322
Dusseldorf,21381.93167,Capacity,1097
Dusseldorf,21381.93167,Weather,1566
Dusseldorf,21381.93167,Event,0
Dusseldorf,21381.93167,Staffing,0
Dusseldorf,23977.23667,Disruption,212
Dusseldorf,23977.23667,Capacity,2027
Dusseldorf,23977.23667,Weather,0
Dusseldorf,23977.23667,Event,0
Dusseldorf,23977.23667,Staffing,0
Dusseldorf,13735.38833,Disruption,0
Dusseldorf,13735.38833,Capacity,133
Dusseldorf,13735.38833,Weather,547
Dusseldorf,13735.38833,Event,0
Dusseldorf,13735.38833,Staffing,0
Dusseldorf,11159.08167,Disruption,0
Dusseldorf,11159.08167,Capacity,0
Dusseldorf,11159.08167,Weather,142
Dusseldorf,11159.08167,Event,0
Dusseldorf,11159.08167,Staffing,0
Dusseldorf,10048.40333,Disruption,0
Dusseldorf,10048.40333,Capacity,0
Dusseldorf,10048.40333,Weather,914
Dusseldorf,10048.40333,Event,0
Dusseldorf,10048.40333,Staffing,0
Dusseldorf,13754.13833,Disruption,0
Dusseldorf,13754.13833,Capacity,0
Dusseldorf,13754.13833,Weather,405
Dusseldorf,13754.13833,Event,0
Dusseldorf,13754.13833,Staffing,0
Dusseldorf,14954.77333,Disruption,0
Dusseldorf,14954.77333,Capacity,0
Dusseldorf,14954.77333,Weather,357
Dusseldorf,14954.77333,Event,0
Dusseldorf,14954.77333,Staffing,0
Dusseldorf,18240.905,Disruption,0
Dusseldorf,18240.905,Capacity,206
Dusseldorf,18240.905,Weather,3726
Dusseldorf,18240.905,Event,0
Dusseldorf,18240.905,Staffing,0
Dusseldorf,20357.36167,Disruption,0
Dusseldorf,20357.36167,Capacity,0
Dusseldorf,20357.36167,Weather,268
Dusseldorf,20357.36167,Event,0
Dusseldorf,20357.36167,Staffing,0
Dusseldorf,21157.69,Disruption,0
Dusseldorf,21157.69,Capacity,275
Dusseldorf,21157.69,Weather,1038
Dusseldorf,21157.69,Event,0
Dusseldorf,21157.69,Staffing,0
Dusseldorf,20280.9,Disruption,0
Dusseldorf,20280.9,Capacity,458
Dusseldorf,20280.9,Weather,780
Dusseldorf,20280.9,Event,0
Dusseldorf,20280.9,Staffing,0
Dusseldorf,21568.68167,Disruption,0
Dusseldorf,21568.68167,Capacity,59
Dusseldorf,21568.68167,Weather,0
Dusseldorf,21568.68167,Event,0
Dusseldorf,21568.68167,Staffing,0
Dusseldorf,22207.50333,Disruption,0
Dusseldorf,22207.50333,Capacity,267
Dusseldorf,22207.50333,Weather,0
Dusseldorf,22207.50333,Event,0
Dusseldorf,22207.50333,Staffing,0
Dusseldorf,13550.39167,Disruption,0
Dusseldorf,13550.39167,Capacity,0
Dusseldorf,13550.39167,Weather,303
Dusseldorf,13550.39167,Event,0
Dusseldorf,13550.39167,Staffing,0
Munich,41258.46667,Disruption,0
Munich,41258.46667,Capacity,0
Munich,41258.46667,Weather,5899
Munich,41258.46667,Event,0
Munich,41258.46667,Staffing,0
Munich,33493.06833,Disruption,0
Munich,33493.06833,Capacity,0
Munich,33493.06833,Weather,3791
Munich,33493.06833,Event,0
Munich,33493.06833,Staffing,0
Munich,45202.345,Disruption,0
Munich,45202.345,Capacity,0
Munich,45202.345,Weather,830
Munich,45202.345,Event,0
Munich,45202.345,Staffing,0
Munich,47895.885,Disruption,0
Munich,47895.885,Capacity,0
Munich,47895.885,Weather,3370
Munich,47895.885,Event,0
Munich,47895.885,Staffing,0
Munich,60014.73167,Disruption,0
Munich,60014.73167,Capacity,0
Munich,60014.73167,Weather,19182
Munich,60014.73167,Event,0
Munich,60014.73167,Staffing,0
Munich,63123.93667,Disruption,0
Munich,63123.93667,Capacity,342
Munich,63123.93667,Weather,26269
Munich,63123.93667,Event,0
Munich,63123.93667,Staffing,0
Munich,61809.18833,Disruption,0
Munich,61809.18833,Capacity,2042
Munich,61809.18833,Weather,8810
Munich,61809.18833,Event,0
Munich,61809.18833,Staffing,0
Munich,58258.22667,Disruption,0
Munich,58258.22667,Capacity,0
Munich,58258.22667,Weather,6680
Munich,58258.22667,Event,0
Munich,58258.22667,Staffing,0
Munich,64582.025,Disruption,0
Munich,64582.025,Capacity,0
Munich,64582.025,Weather,4297
Munich,64582.025,Event,0
Munich,64582.025,Staffing,0
Munich,64586.53833,Disruption,0
Munich,64586.53833,Capacity,0
Munich,64586.53833,Weather,4925
Munich,64586.53833,Event,0
Munich,64586.53833,Staffing,0
Munich,59069.10167,Disruption,0
Munich,59069.10167,Capacity,0
Munich,59069.10167,Weather,3117
Munich,59069.10167,Event,0
Munich,59069.10167,Staffing,0
Munich,43367.9,Disruption,0
Munich,43367.9,Capacity,0
Munich,43367.9,Weather,412
Munich,43367.9,Event,0
Munich,43367.9,Staffing,0
Munich,33933.2,Disruption,0
Munich,33933.2,Capacity,0
Munich,33933.2,Weather,6274
Munich,33933.2,Event,0
Munich,33933.2,Staffing,0
Munich,42276.7,Disruption,0
Munich,42276.7,Capacity,0
Munich,42276.7,Weather,2939
Munich,42276.7,Event,0
Munich,42276.7,Staffing,0
Munich,54032.3,Disruption,0
Munich,54032.3,Capacity,0
Munich,54032.3,Weather,1099
Munich,54032.3,Event,0
Munich,54032.3,Staffing,0
Munich,50419.6,Disruption,0
Munich,50419.6,Capacity,0
Munich,50419.6,Weather,606
Munich,50419.6,Event,0
Munich,50419.6,Staffing,0
Munich,62405.4,Disruption,0
Munich,62405.4,Capacity,0
Munich,62405.4,Weather,3233
Munich,62405.4,Event,0
Munich,62405.4,Staffing,0
Munich,60731.5,Disruption,38
Munich,60731.5,Capacity,0
Munich,60731.5,Weather,9134
Munich,60731.5,Event,0
Munich,60731.5,Staffing,0
Munich,64047,Disruption,0
Munich,64047,Capacity,0
Munich,64047,Weather,13073
Munich,64047,Event,0
Munich,64047,Staffing,0
Munich,59215.5,Disruption,0
Munich,59215.5,Capacity,1615
Munich,59215.5,Weather,4104
Munich,59215.5,Event,0
Munich,59215.5,Staffing,0
Munich,64234.3,Disruption,0
Munich,64234.3,Capacity,0
Munich,64234.3,Weather,809
Munich,64234.3,Event,0
Munich,64234.3,Staffing,0
Munich,64435.4,Disruption,0
Munich,64435.4,Capacity,0
Munich,64435.4,Weather,5429
Munich,64435.4,Event,0
Munich,64435.4,Staffing,0
Munich,49030.3,Disruption,0
Munich,49030.3,Capacity,0
Munich,49030.3,Weather,1432
Munich,49030.3,Event,0
Munich,49030.3,Staffing,0
Munich,40192.7,Disruption,0
Munich,40192.7,Capacity,0
Munich,40192.7,Weather,2240
Munich,40192.7,Event,0
Munich,40192.7,Staffing,0
Munich,38125.9,Disruption,0
Munich,38125.9,Capacity,0
Munich,38125.9,Weather,1631
Munich,38125.9,Event,0
Munich,38125.9,Staffing,0
Munich,39774.2,Disruption,0
Munich,39774.2,Capacity,758
Munich,39774.2,Weather,3035
Munich,39774.2,Event,0
Munich,39774.2,Staffing,302
Munich,26665.3,Disruption,0
Munich,26665.3,Capacity,0
Munich,26665.3,Weather,2629
Munich,26665.3,Event,0
Munich,26665.3,Staffing,0
Munich,31586.5,Disruption,0
Munich,31586.5,Capacity,0
Munich,31586.5,Weather,872
Munich,31586.5,Event,0
Munich,31586.5,Staffing,0
Munich,31163.6,Disruption,0
Munich,31163.6,Capacity,1373
Munich,31163.6,Weather,797
Munich,31163.6,Event,0
Munich,31163.6,Staffing,0
Munich,22686.2,Disruption,0
Munich,22686.2,Capacity,1841
Munich,22686.2,Weather,887
Munich,22686.2,Event,0
Munich,22686.2,Staffing,0
Munich,18610.4,Disruption,0
Munich,18610.4,Capacity,0
Munich,18610.4,Weather,1202
Munich,18610.4,Event,0
Munich,18610.4,Staffing,0
Munich,16989.6,Disruption,0
Munich,16989.6,Capacity,0
Munich,16989.6,Weather,174
Munich,16989.6,Event,0
Munich,16989.6,Staffing,0
Munich,12935,Disruption,0
Munich,12935,Capacity,0
Munich,12935,Weather,255
Munich,12935,Event,0
Munich,12935,Staffing,0
Munich,13495.4,Disruption,0
Munich,13495.4,Capacity,0
Munich,13495.4,Weather,0
Munich,13495.4,Event,87
Munich,13495.4,Staffing,0
Munich,12930.1,Disruption,0
Munich,12930.1,Capacity,169
Munich,12930.1,Weather,0
Munich,12930.1,Event,0
Munich,12930.1,Staffing,0
Munich,24757.4,Disruption,0
Munich,24757.4,Capacity,322
Munich,24757.4,Weather,0
Munich,24757.4,Event,0
Munich,24757.4,Staffing,0
Munich,36790.4,Disruption,0
Munich,36790.4,Capacity,0
Munich,36790.4,Weather,5474
Munich,36790.4,Event,238
Munich,36790.4,Staffing,0
Munich,38504.3,Disruption,636
Munich,38504.3,Capacity,0
Munich,38504.3,Weather,11682
Munich,38504.3,Event,265
Munich,38504.3,Staffing,0
Munich,36268.6,Disruption,31
Munich,36268.6,Capacity,0
Munich,36268.6,Weather,312
Munich,36268.6,Event,0
Munich,36268.6,Staffing,0
Munich,40512.6,Disruption,0
Munich,40512.6,Capacity,0
Munich,40512.6,Weather,1841
Munich,40512.6,Event,0
Munich,40512.6,Staffing,0
Munich,45628.4,Disruption,0
Munich,45628.4,Capacity,0
Munich,45628.4,Weather,2537
Munich,45628.4,Event,0
Munich,45628.4,Staffing,296
Munich,41601.3,Disruption,222
Munich,41601.3,Capacity,0
Munich,41601.3,Weather,385
Munich,41601.3,Event,0
Munich,41601.3,Staffing,0
Munich,32667.6,Disruption,0
Munich,32667.6,Capacity,0
Munich,32667.6,Weather,0
Munich,32667.6,Event,0
Munich,32667.6,Staffing,0
Munich,25294.4,Disruption,0
Munich,25294.4,Capacity,0
Munich,25294.4,Weather,5654
Munich,25294.4,Event,332
Munich,25294.4,Staffing,0
Munich,21334.5,Disruption,0
Munich,21334.5,Capacity,0
Munich,21334.5,Weather,3058
Munich,21334.5,Event,0
Munich,21334.5,Staffing,0
Munich,28477.2,Disruption,0
Munich,28477.2,Capacity,0
Munich,28477.2,Weather,1361
Munich,28477.2,Event,0
Munich,28477.2,Staffing,0
Munich,36053.1,Disruption,0
Munich,36053.1,Capacity,0
Munich,36053.1,Weather,770
Munich,36053.1,Event,0
Munich,36053.1,Staffing,0
Munich,37465.9,Disruption,0
Munich,37465.9,Capacity,0
Munich,37465.9,Weather,2551
Munich,37465.9,Event,0
Munich,37465.9,Staffing,0
Munich,40409,Disruption,0
Munich,40409,Capacity,0
Munich,40409,Weather,4553
Munich,40409,Event,0
Munich,40409,Staffing,0
Munich,43395.2,Disruption,0
Munich,43395.2,Capacity,0
Munich,43395.2,Weather,16621
Munich,43395.2,Event,0
Munich,43395.2,Staffing,225
Munich,42722.4,Disruption,0
Munich,42722.4,Capacity,280
Munich,42722.4,Weather,4937
Munich,42722.4,Event,0
Munich,42722.4,Staffing,0
Munich,43087.5,Disruption,0
Munich,43087.5,Capacity,0
Munich,43087.5,Weather,612
Munich,43087.5,Event,0
Munich,43087.5,Staffing,0
Munich,42537.9,Disruption,0
Munich,42537.9,Capacity,141
Munich,42537.9,Weather,1734
Munich,42537.9,Event,0
Munich,42537.9,Staffing,0
Munich,28303.4,Disruption,0
Munich,28303.4,Capacity,0
Munich,28303.4,Weather,936
Munich,28303.4,Event,0
Munich,28303.4,Staffing,0
Munich,23241.5,Disruption,950
Munich,23241.5,Capacity,3349
Munich,23241.5,Weather,1607
Munich,23241.5,Event,0
Munich,23241.5,Staffing,0
Munich,22439.3,Disruption,0
Munich,22439.3,Capacity,0
Munich,22439.3,Weather,201
Munich,22439.3,Event,0
Munich,22439.3,Staffing,0
Munich,30772.5,Disruption,0
Munich,30772.5,Capacity,0
Munich,30772.5,Weather,252
Munich,30772.5,Event,0
Munich,30772.5,Staffing,0
Munich,40873.9,Disruption,0
Munich,40873.9,Capacity,280
Munich,40873.9,Weather,3482
Munich,40873.9,Event,851
Munich,40873.9,Staffing,0
Munich,48295.6,Disruption,0
Munich,48295.6,Capacity,1348
Munich,48295.6,Weather,12678
Munich,48295.6,Event,0
Munich,48295.6,Staffing,0
Munich,51529.4,Disruption,0
Munich,51529.4,Capacity,8
Munich,51529.4,Weather,13495
Munich,51529.4,Event,0
Munich,51529.4,Staffing,0
Munich,49473.1,Disruption,25
Munich,49473.1,Capacity,0
Munich,49473.1,Weather,11251
Munich,49473.1,Event,0
Munich,49473.1,Staffing,0
Munich,49572.6,Disruption,0
Munich,49572.6,Capacity,0
Munich,49572.6,Weather,8040
Munich,49572.6,Event,0
Munich,49572.6,Staffing,0
Munich,49023.7,Disruption,0
Munich,49023.7,Capacity,0
Munich,49023.7,Weather,3826
Munich,49023.7,Event,0
Munich,49023.7,Staffing,0
Munich,50884.8,Disruption,0
Munich,50884.8,Capacity,0
Munich,50884.8,Weather,2875
Munich,50884.8,Event,0
Munich,50884.8,Staffing,239
Munich,35541.5,Disruption,263
Munich,35541.5,Capacity,0
Munich,35541.5,Weather,1444
Munich,35541.5,Event,0
Munich,35541.5,Staffing,0
Munich,27048.6,Disruption,0
Munich,27048.6,Capacity,0
Munich,27048.6,Weather,1559
Munich,27048.6,Event,0
Munich,27048.6,Staffing,0
Leipzig-Halle,6755.201667,Disruption,0
Leipzig-Halle,6755.201667,Capacity,0
Leipzig-Halle,6755.201667,Weather,799
Leipzig-Halle,6755.201667,Event,0
Leipzig-Halle,6755.201667,Staffing,0
Leipzig-Halle,5546.135,Disruption,0
Leipzig-Halle,5546.135,Capacity,0
Leipzig-Halle,5546.135,Weather,4358
Leipzig-Halle,5546.135,Event,0
Leipzig-Halle,5546.135,Staffing,0
Leipzig-Halle,7782.503333,Disruption,0
Leipzig-Halle,7782.503333,Capacity,0
Leipzig-Halle,7782.503333,Weather,743
Leipzig-Halle,7782.503333,Event,0
Leipzig-Halle,7782.503333,Staffing,0
Leipzig-Halle,7783.183333,Disruption,0
Leipzig-Halle,7783.183333,Capacity,180
Leipzig-Halle,7783.183333,Weather,133
Leipzig-Halle,7783.183333,Event,0
Leipzig-Halle,7783.183333,Staffing,0
Leipzig-Halle,9432.233333,Disruption,0
Leipzig-Halle,9432.233333,Capacity,378
Leipzig-Halle,9432.233333,Weather,216
Leipzig-Halle,9432.233333,Event,0
Leipzig-Halle,9432.233333,Staffing,0
Leipzig-Halle,9613.808333,Disruption,0
Leipzig-Halle,9613.808333,Capacity,62
Leipzig-Halle,9613.808333,Weather,507
Leipzig-Halle,9613.808333,Event,0
Leipzig-Halle,9613.808333,Staffing,0
Leipzig-Halle,10365.20833,Disruption,0
Leipzig-Halle,10365.20833,Capacity,0
Leipzig-Halle,10365.20833,Weather,146
Leipzig-Halle,10365.20833,Event,0
Leipzig-Halle,10365.20833,Staffing,0
Leipzig-Halle,9845.798333,Disruption,0
Leipzig-Halle,9845.798333,Capacity,0
Leipzig-Halle,9845.798333,Weather,791
Leipzig-Halle,9845.798333,Event,0
Leipzig-Halle,9845.798333,Staffing,0
Leipzig-Halle,9938.035,Disruption,0
Leipzig-Halle,9938.035,Capacity,377
Leipzig-Halle,9938.035,Weather,2510
Leipzig-Halle,9938.035,Event,0
Leipzig-Halle,9938.035,Staffing,0
Leipzig-Halle,8977.476667,Disruption,0
Leipzig-Halle,8977.476667,Capacity,0
Leipzig-Halle,8977.476667,Weather,722
Leipzig-Halle,8977.476667,Event,0
Leipzig-Halle,8977.476667,Staffing,0
Leipzig-Halle,7602.135,Disruption,0
Leipzig-Halle,7602.135,Capacity,0
Leipzig-Halle,7602.135,Weather,1021
Leipzig-Halle,7602.135,Event,0
Leipzig-Halle,7602.135,Staffing,0
Leipzig-Halle,5785.323333,Disruption,0
Leipzig-Halle,5785.323333,Capacity,0
Leipzig-Halle,5785.323333,Weather,1020
Leipzig-Halle,5785.323333,Event,0
Leipzig-Halle,5785.323333,Staffing,0
Leipzig-Halle,9240.54,Disruption,0
Leipzig-Halle,9240.54,Capacity,0
Leipzig-Halle,9240.54,Weather,1303
Leipzig-Halle,9240.54,Event,0
Leipzig-Halle,9240.54,Staffing,0
Leipzig-Halle,8202.715,Disruption,0
Leipzig-Halle,8202.715,Capacity,161
Leipzig-Halle,8202.715,Weather,434
Leipzig-Halle,8202.715,Event,0
Leipzig-Halle,8202.715,Staffing,0
Leipzig-Halle,10241.98833,Disruption,0
Leipzig-Halle,10241.98833,Capacity,166
Leipzig-Halle,10241.98833,Weather,268
Leipzig-Halle,10241.98833,Event,0
Leipzig-Halle,10241.98833,Staffing,0
Leipzig-Halle,10952.45,Disruption,0
Leipzig-Halle,10952.45,Capacity,369
Leipzig-Halle,10952.45,Weather,2442
Leipzig-Halle,10952.45,Event,0
Leipzig-Halle,10952.45,Staffing,0
Leipzig-Halle,10634.37667,Disruption,0
Leipzig-Halle,10634.37667,Capacity,103
Leipzig-Halle,10634.37667,Weather,54
Leipzig-Halle,10634.37667,Event,0
Leipzig-Halle,10634.37667,Staffing,0
Leipzig-Halle,10293.26167,Disruption,0
Leipzig-Halle,10293.26167,Capacity,0
Leipzig-Halle,10293.26167,Weather,525
Leipzig-Halle,10293.26167,Event,0
Leipzig-Halle,10293.26167,Staffing,0
Leipzig-Halle,10237.06833,Disruption,0
Leipzig-Halle,10237.06833,Capacity,0
Leipzig-Halle,10237.06833,Weather,287
Leipzig-Halle,10237.06833,Event,0
Leipzig-Halle,10237.06833,Staffing,0
Leipzig-Halle,10781.74667,Disruption,0
Leipzig-Halle,10781.74667,Capacity,151
Leipzig-Halle,10781.74667,Weather,2969
Leipzig-Halle,10781.74667,Event,0
Leipzig-Halle,10781.74667,Staffing,0
Leipzig-Halle,8978.726667,Disruption,0
Leipzig-Halle,8978.726667,Capacity,0
Leipzig-Halle,8978.726667,Weather,1962
Leipzig-Halle,8978.726667,Event,0
Leipzig-Halle,8978.726667,Staffing,0
Leipzig-Halle,7689.458333,Disruption,0
Leipzig-Halle,7689.458333,Capacity,258
Leipzig-Halle,7689.458333,Weather,769
Leipzig-Halle,7689.458333,Event,0
Leipzig-Halle,7689.458333,Staffing,0
Leipzig-Halle,7089.1,Disruption,0
Leipzig-Halle,7089.1,Capacity,0
Leipzig-Halle,7089.1,Weather,1270
Leipzig-Halle,7089.1,Event,0
Leipzig-Halle,7089.1,Staffing,0
Leipzig-Halle,7589.203333,Disruption,0
Leipzig-Halle,7589.203333,Capacity,0
Leipzig-Halle,7589.203333,Weather,1182
Leipzig-Halle,7589.203333,Event,0
Leipzig-Halle,7589.203333,Staffing,0
Leipzig-Halle,6632.446667,Disruption,0
Leipzig-Halle,6632.446667,Capacity,0
Leipzig-Halle,6632.446667,Weather,11
Leipzig-Halle,6632.446667,Event,0
Leipzig-Halle,6632.446667,Staffing,0
Leipzig-Halle,9305.253333,Disruption,0
Leipzig-Halle,9305.253333,Capacity,0
Leipzig-Halle,9305.253333,Weather,434
Leipzig-Halle,9305.253333,Event,0
Leipzig-Halle,9305.253333,Staffing,0
Leipzig-Halle,7109.84,Disruption,0
Leipzig-Halle,7109.84,Capacity,0
Leipzig-Halle,7109.84,Weather,250
Leipzig-Halle,7109.84,Event,0
Leipzig-Halle,7109.84,Staffing,0
Leipzig-Halle,7752.915,Disruption,0
Leipzig-Halle,7752.915,Capacity,0
Leipzig-Halle,7752.915,Weather,1213
Leipzig-Halle,7752.915,Event,0
Leipzig-Halle,7752.915,Staffing,0
Leipzig-Halle,5825.42,Disruption,0
Leipzig-Halle,5825.42,Capacity,0
Leipzig-Halle,5825.42,Weather,1620
Leipzig-Halle,5825.42,Event,0
Leipzig-Halle,5825.42,Staffing,0
Leipzig-Halle,8032.946667,Disruption,0
Leipzig-Halle,8032.946667,Capacity,0
Leipzig-Halle,8032.946667,Weather,1334
Leipzig-Halle,8032.946667,Event,0
Leipzig-Halle,8032.946667,Staffing,0
Leipzig-Halle,10447.865,Disruption,0
Leipzig-Halle,10447.865,Capacity,0
Leipzig-Halle,10447.865,Weather,121
Leipzig-Halle,10447.865,Event,0
Leipzig-Halle,10447.865,Staffing,0
Leipzig-Halle,9968.248333,Disruption,0
Leipzig-Halle,9968.248333,Capacity,744
Leipzig-Halle,9968.248333,Weather,204
Leipzig-Halle,9968.248333,Event,0
Leipzig-Halle,9968.248333,Staffing,0
Leipzig-Halle,11312.05167,Disruption,0
Leipzig-Halle,11312.05167,Capacity,1294
Leipzig-Halle,11312.05167,Weather,602
Leipzig-Halle,11312.05167,Event,0
Leipzig-Halle,11312.05167,Staffing,0
Leipzig-Halle,10299.31333,Disruption,0
Leipzig-Halle,10299.31333,Capacity,1036
Leipzig-Halle,10299.31333,Weather,448
Leipzig-Halle,10299.31333,Event,0
Leipzig-Halle,10299.31333,Staffing,0
Leipzig-Halle,11773.09667,Disruption,0
Leipzig-Halle,11773.09667,Capacity,581
Leipzig-Halle,11773.09667,Weather,1479
Leipzig-Halle,11773.09667,Event,0
Leipzig-Halle,11773.09667,Staffing,0
Leipzig-Halle,12153.72667,Disruption,0
Leipzig-Halle,12153.72667,Capacity,614
Leipzig-Halle,12153.72667,Weather,90
Leipzig-Halle,12153.72667,Event,0
Leipzig-Halle,12153.72667,Staffing,0
Leipzig-Halle,10887.855,Disruption,0
Leipzig-Halle,10887.855,Capacity,0
Leipzig-Halle,10887.855,Weather,230
Leipzig-Halle,10887.855,Event,0
Leipzig-Halle,10887.855,Staffing,0
Leipzig-Halle,11225.61667,Disruption,0
Leipzig-Halle,11225.61667,Capacity,0
Leipzig-Halle,11225.61667,Weather,199
Leipzig-Halle,11225.61667,Event,0
Leipzig-Halle,11225.61667,Staffing,0
Leipzig-Halle,9494.373333,Disruption,0
Leipzig-Halle,9494.373333,Capacity,0
Leipzig-Halle,9494.373333,Weather,732
Leipzig-Halle,9494.373333,Event,0
Leipzig-Halle,9494.373333,Staffing,0
Leipzig-Halle,9807.265,Disruption,0
Leipzig-Halle,9807.265,Capacity,0
Leipzig-Halle,9807.265,Weather,844
Leipzig-Halle,9807.265,Event,0
Leipzig-Halle,9807.265,Staffing,0
Leipzig-Halle,6670.801667,Disruption,0
Leipzig-Halle,6670.801667,Capacity,0
Leipzig-Halle,6670.801667,Weather,247
Leipzig-Halle,6670.801667,Event,0
Leipzig-Halle,6670.801667,Staffing,0
Leipzig-Halle,7927.913333,Disruption,0
Leipzig-Halle,7927.913333,Capacity,0
Leipzig-Halle,7927.913333,Weather,757
Leipzig-Halle,7927.913333,Event,0
Leipzig-Halle,7927.913333,Staffing,0
Leipzig-Halle,10536.03333,Disruption,0
Leipzig-Halle,10536.03333,Capacity,90
Leipzig-Halle,10536.03333,Weather,2036
Leipzig-Halle,10536.03333,Event,0
Leipzig-Halle,10536.03333,Staffing,0
Leipzig-Halle,11791.675,Disruption,0
Leipzig-Halle,11791.675,Capacity,0
Leipzig-Halle,11791.675,Weather,264
Leipzig-Halle,11791.675,Event,0
Leipzig-Halle,11791.675,Staffing,0
Leipzig-Halle,12792.06667,Disruption,0
Leipzig-Halle,12792.06667,Capacity,0
Leipzig-Halle,12792.06667,Weather,339
Leipzig-Halle,12792.06667,Event,0
Leipzig-Halle,12792.06667,Staffing,0
Leipzig-Halle,12329.41,Disruption,0
Leipzig-Halle,12329.41,Capacity,77
Leipzig-Halle,12329.41,Weather,669
Leipzig-Halle,12329.41,Event,0
Leipzig-Halle,12329.41,Staffing,0
Leipzig-Halle,11501.275,Disruption,0
Leipzig-Halle,11501.275,Capacity,0
Leipzig-Halle,11501.275,Weather,1096
Leipzig-Halle,11501.275,Event,0
Leipzig-Halle,11501.275,Staffing,0
Leipzig-Halle,10502.95667,Disruption,0
Leipzig-Halle,10502.95667,Capacity,0
Leipzig-Halle,10502.95667,Weather,69
Leipzig-Halle,10502.95667,Event,0
Leipzig-Halle,10502.95667,Staffing,0
Leipzig-Halle,7311.04,Disruption,0
Leipzig-Halle,7311.04,Capacity,0
Leipzig-Halle,7311.04,Weather,1281
Leipzig-Halle,7311.04,Event,0
Leipzig-Halle,7311.04,Staffing,0
Leipzig-Halle,8415.881667,Disruption,0
Leipzig-Halle,8415.881667,Capacity,0
Leipzig-Halle,8415.881667,Weather,1612
Leipzig-Halle,8415.881667,Event,0
Leipzig-Halle,8415.881667,Staffing,0
Leipzig-Halle,7543.943333,Disruption,0
Leipzig-Halle,7543.943333,Capacity,0
Leipzig-Halle,7543.943333,Weather,616
Leipzig-Halle,7543.943333,Event,0
Leipzig-Halle,7543.943333,Staffing,0
Leipzig-Halle,10153.71833,Disruption,0
Leipzig-Halle,10153.71833,Capacity,0
Leipzig-Halle,10153.71833,Weather,2344
Leipzig-Halle,10153.71833,Event,130
Leipzig-Halle,10153.71833,Staffing,0
Leipzig-Halle,10053.31333,Disruption,667
Leipzig-Halle,10053.31333,Capacity,0
Leipzig-Halle,10053.31333,Weather,353
Leipzig-Halle,10053.31333,Event,0
Leipzig-Halle,10053.31333,Staffing,0
Leipzig-Halle,10822.99333,Disruption,0
Leipzig-Halle,10822.99333,Capacity,0
Leipzig-Halle,10822.99333,Weather,883
Leipzig-Halle,10822.99333,Event,305
Leipzig-Halle,10822.99333,Staffing,0
Leipzig-Halle,10964.54333,Disruption,0
Leipzig-Halle,10964.54333,Capacity,0
Leipzig-Halle,10964.54333,Weather,0
Leipzig-Halle,10964.54333,Event,0
Leipzig-Halle,10964.54333,Staffing,0
Leipzig-Halle,12423.97833,Disruption,0
Leipzig-Halle,12423.97833,Capacity,0
Leipzig-Halle,12423.97833,Weather,1781
Leipzig-Halle,12423.97833,Event,0
Leipzig-Halle,12423.97833,Staffing,0
Leipzig-Halle,12836.50167,Disruption,0
Leipzig-Halle,12836.50167,Capacity,0
Leipzig-Halle,12836.50167,Weather,4288
Leipzig-Halle,12836.50167,Event,61
Leipzig-Halle,12836.50167,Staffing,0
Leipzig-Halle,11654.62833,Disruption,0
Leipzig-Halle,11654.62833,Capacity,0
Leipzig-Halle,11654.62833,Weather,822
Leipzig-Halle,11654.62833,Event,123
Leipzig-Halle,11654.62833,Staffing,0
Leipzig-Halle,12304.365,Disruption,0
Leipzig-Halle,12304.365,Capacity,0
Leipzig-Halle,12304.365,Weather,743
Leipzig-Halle,12304.365,Event,0
Leipzig-Halle,12304.365,Staffing,0
Leipzig-Halle,9432.98,Disruption,306
Leipzig-Halle,9432.98,Capacity,0
Leipzig-Halle,9432.98,Weather,4201
Leipzig-Halle,9432.98,Event,0
Leipzig-Halle,9432.98,Staffing,0
Leipzig-Halle,7778.215,Disruption,0
Leipzig-Halle,7778.215,Capacity,0
Leipzig-Halle,7778.215,Weather,1320
Leipzig-Halle,7778.215,Event,0
Leipzig-Halle,7778.215,Staffing,0
Leipzig-Halle,6232.926667,Disruption,184
Leipzig-Halle,6232.926667,Capacity,0
Leipzig-Halle,6232.926667,Weather,1111
Leipzig-Halle,6232.926667,Event,0
Leipzig-Halle,6232.926667,Staffing,0
Leipzig-Halle,8333.491667,Disruption,323
Leipzig-Halle,8333.491667,Capacity,0
Leipzig-Halle,8333.491667,Weather,66
Leipzig-Halle,8333.491667,Event,0
Leipzig-Halle,8333.491667,Staffing,0
Leipzig-Halle,8446.86,Disruption,115
Leipzig-Halle,8446.86,Capacity,0
Leipzig-Halle,8446.86,Weather,0
Leipzig-Halle,8446.86,Event,0
Leipzig-Halle,8446.86,Staffing,0
Leipzig-Halle,9322.951667,Disruption,1257
Leipzig-Halle,9322.951667,Capacity,0
Leipzig-Halle,9322.951667,Weather,468
Leipzig-Halle,9322.951667,Event,0
Leipzig-Halle,9322.951667,Staffing,0
Leipzig-Halle,9378.296667,Disruption,86
Leipzig-Halle,9378.296667,Capacity,0
Leipzig-Halle,9378.296667,Weather,1484
Leipzig-Halle,9378.296667,Event,0
Leipzig-Halle,9378.296667,Staffing,0
Leipzig-Halle,10463.05,Disruption,0
Leipzig-Halle,10463.05,Capacity,0
Leipzig-Halle,10463.05,Weather,1885
Leipzig-Halle,10463.05,Event,0
Leipzig-Halle,10463.05,Staffing,0
Leipzig-Halle,10364.48,Disruption,0
Leipzig-Halle,10364.48,Capacity,0
Leipzig-Halle,10364.48,Weather,419
Leipzig-Halle,10364.48,Event,0
Leipzig-Halle,10364.48,Staffing,0
Leipzig-Halle,9442.776667,Disruption,185
Leipzig-Halle,9442.776667,Capacity,0
Leipzig-Halle,9442.776667,Weather,0
Leipzig-Halle,9442.776667,Event,0
Leipzig-Halle,9442.776667,Staffing,0
Leipzig-Halle,8772.031667,Disruption,0
Leipzig-Halle,8772.031667,Capacity,0
Leipzig-Halle,8772.031667,Weather,792
Leipzig-Halle,8772.031667,Event,0
Leipzig-Halle,8772.031667,Staffing,0
Leipzig-Halle,9036.068333,Disruption,433
Leipzig-Halle,9036.068333,Capacity,154
Leipzig-Halle,9036.068333,Weather,85
Leipzig-Halle,9036.068333,Event,0
Leipzig-Halle,9036.068333,Staffing,0
Leipzig-Halle,7742.271667,Disruption,0
Leipzig-Halle,7742.271667,Capacity,0
Leipzig-Halle,7742.271667,Weather,984
Leipzig-Halle,7742.271667,Event,0
Leipzig-Halle,7742.271667,Staffing,0
Leipzig-Halle,6975.745,Disruption,0
Leipzig-Halle,6975.745,Capacity,0
Leipzig-Halle,6975.745,Weather,432
Leipzig-Halle,6975.745,Event,0
Leipzig-Halle,6975.745,Staffing,0
